,price_per_month
0,150000
1,130000
2,30000
3,85000
4,160000
5,21650
6,45000
7,150000
8,20650
9,45000
10,100000
11,37000
12,110000
13,49900
14,20650
15,38000
16,150000
17,15000
18,140000
19,400000
20,27000
21,120000
22,160000
23,23000
24,120000
25,31000
26,27000
27,65000
28,120000
29,60000
30,200000
31,70000
32,60000
33,120000
34,280000
35,65000
36,245000
37,150000
38,80000
39,165000
40,700000
41,80000
42,100000
43,150000
44,90000
45,135000
46,430000
47,95000
48,250000
49,100000
50,140000
51,160000
52,155000
53,150000
54,170000
55,220000
56,24000
57,32000
58,65000
59,28000
60,30000
61,28000
62,30000
63,43000
64,22000
65,40000
66,190000
67,30000
68,250000
69,220000
70,190000
71,350000
72,600000
73,25000
74,55000
75,35000
76,30000
77,70000
78,70000
79,27000
80,80000
81,80000
82,30000
83,40000
84,45000
85,32000
86,35000
87,80000
88,35000
89,85000
90,150000
91,35000
92,150000
93,100000
94,40000
95,120000
96,140000
97,45000
98,157000
99,350000
100,35000
101,75000
102,350000
103,18000
104,23000
105,40000
106,63000
107,85000
108,36000
109,35000
110,30000
111,165000
112,28000
113,37000
114,28000
115,50000
116,24000
117,29400
118,45000
119,32000
120,129000
121,150000
122,35000
123,160000
124,119000
125,30000
126,85000
127,190000
128,23000
129,245000
130,160000
131,35000
132,29000
133,30000
134,28000
135,25000
136,30000
137,30000
138,25000
139,30000
140,30000
141,29000
142,30000
143,30000
144,32000
145,35000
146,26000
147,30000
148,30000
149,35000
150,33000
151,28000
152,33000
153,28000
154,33000
155,38000
156,35000
157,35000
158,29000
159,35000
160,35000
161,28000
162,40000
163,29000
164,35000
165,35000
166,37000
167,35000
168,30000
169,40000
170,38000
171,33000
172,37000
173,37000
174,30000
175,38000
176,38000
177,30000
178,42000
179,42000
180,35000
181,45000
182,58000
183,44000
184,55000
185,28000
186,39999
187,30000
188,28000
189,55000
190,30000
191,30000
192,28000
193,34000
194,45000
195,24990
196,50000
197,25000
198,67000
199,40000
200,43000
201,30000
202,50000
203,20000
204,27000
205,40000
206,50000
207,28000
208,35000
209,23000
210,70000
211,28000
212,60000
213,40000
214,34000
215,28000
216,40000
217,60000
218,50000
219,33000
220,28000
221,70000
222,45000
223,32000
224,70000
225,50000
226,75000
227,22000
228,36000
229,70000
230,85000
231,50000
232,60000
233,70000
234,45000
235,90000
236,40000
237,52000
238,31000
239,65000
240,45000
241,27000
242,40000
243,55000
244,45000
245,120000
246,30000
247,39000
248,60000
249,55000
250,30000
251,27000
252,77000
253,45000
254,45000
255,35000
256,70000
257,145000
258,75000
259,32000
260,45000
261,27000
262,42000
263,40000
264,38000
265,95000
266,65000
267,22000
268,60000
269,30000
270,48000
271,55000
272,25000
273,100000
274,35000
275,45000
276,130000
277,30000
278,65000
279,30000
280,24000
281,90000
282,35000
283,31000
284,200000
285,27000
286,28000
287,50000
288,21000
289,65000
290,38000
291,85000
292,27000
293,45000
294,90000
295,35000
296,27000
297,35000
298,60000
299,22000
300,75000
301,30000
302,45000
303,100000
304,25000
305,58000
306,38000
307,32000
308,55000
309,80000
310,40000
311,45000
312,55000
313,42000
314,30000
315,38000
316,33000
317,52000
318,60000
319,47000
320,100000
321,105000
322,48000
323,115000
324,50000
325,110000
326,120000
327,120000
328,125000
329,50000
330,120000
331,49000
332,120000
333,130000
334,49500
335,110000
336,55000
337,120000
338,135000
339,50000
340,130000
341,145000
342,55000
343,47000
344,195000
345,32000
346,180000
347,80000
348,61000
349,27000
350,65000
351,85000
352,40000
353,60000
354,65000
355,500000
356,100000
357,187000
358,20000
359,160000
360,33000
361,28000
362,200000
363,30000
364,78000
365,90000
366,70000
367,150000
368,160000
369,285000
370,85000
371,590000
372,160000
373,190000
374,190000
375,190000
376,12000
377,25000
378,35000
379,45000
380,28000
381,65000
382,50000
383,30000
384,50000
385,49500
386,55000
387,23000
388,49000
389,65000
390,70000
391,54000
392,34000
393,57000
394,60000
395,55000
396,30000
397,60000
398,55000
399,55000
400,120000
401,65000
402,55000
403,30000
404,25000
405,59900
406,32000
407,58000
408,62000
409,65000
410,36000
411,30000
412,32000
413,33000
414,65000
415,38000
416,30000
417,95000
418,35000
419,30000
420,36000
421,30000
422,35000
423,30000
424,120000
425,34000
426,30500
427,30000
428,34000
429,120000
430,40000
431,38000
432,27000
433,30000
434,85000
435,28000
436,25000
437,80000
438,35000
439,35000
440,45000
441,35000
442,22000
443,28000
444,150000
445,30000
446,30000
447,23000
448,100000
449,40000
450,25000
451,85000
452,85000
453,80000
454,140000
455,30000
456,80000
457,35000
458,31000
459,30000
460,34000
461,30000
462,28000
463,60000
464,65000
465,30000
466,90000
467,70000
468,40000
469,150000
470,35000
471,25000
472,120000
473,73000
474,30000
475,58000
476,49000
477,135000
478,33000
479,110000
480,170000
481,235000
482,115000
483,150000
484,370000
485,120000
486,150000
487,150000
488,145000
489,165000
490,32500
491,150000
492,190000
493,180000
494,160000
495,180000
496,175000
497,180000
498,31000
499,245000
500,200000
501,280000
502,250000
503,265000
504,75000
505,85000
506,30000
507,250000
508,280000
509,30000
510,90000
511,45000
512,65000
513,100000
514,90000
515,50000
516,45000
517,90000
518,95000
519,70000
520,90000
521,45000
522,60000
523,75000
524,65000
525,100000
526,95000
527,60000
528,33000
529,33000
530,33000
531,38000
532,35000
533,35000
534,35000
535,35000
536,35000
537,35000
538,35000
539,35000
540,35000
541,35000
542,35000
543,35000
544,35000
545,35000
546,35000
547,36000
548,39000
549,35000
550,35000
551,36000
552,35000
553,39800
554,36000
555,36000
556,40000
557,40000
558,37000
559,40000
560,36000
561,35000
562,35000
563,40000
564,40000
565,40000
566,35000
567,40000
568,40000
569,40000
570,40000
571,35000
572,37000
573,35000
574,37000
575,38000
576,40000
577,37000
578,37000
579,35000
580,37000
581,37000
582,38000
583,40000
584,38000
585,40000
586,39000
587,43000
588,38000
589,37000
590,39800
591,40000
592,40000
593,40000
594,35000
595,40000
596,43000
597,40000
598,39000
599,40000
600,40000
601,39000
602,40000
603,40000
604,40000
605,40000
606,40000
607,39000
608,39000
609,40000
610,40000
611,40000
612,45000
613,40000
614,45000
615,45000
616,40000
617,40000
618,40000
619,45000
620,41000
621,42000
622,42000
623,40000
624,40000
625,45000
626,45000
627,45000
628,40000
629,35000
630,40000
631,40000
632,45000
633,41000
634,45000
635,41000
636,43000
637,43000
638,40000
639,40000
640,42000
641,43000
642,40000
643,40000
644,40000
645,40000
646,40000
647,45000
648,45000
649,40000
650,47000
651,40000
652,45000
653,43000
654,45000
655,45000
656,45000
657,48000
658,38000
659,43000
660,48000
661,45000
662,43000
663,45000
664,43000
665,45000
666,49000
667,45000
668,45000
669,45000
670,45000
671,45000
672,50000
673,45000
674,50000
675,42000
676,45000
677,47000
678,45000
679,45000
680,50000
681,50000
682,50000
683,45000
684,50000
685,45000
686,47000
687,50000
688,45000
689,45000
690,45000
691,45000
692,50000
693,45000
694,45000
695,50000
696,45000
697,44000
698,47000
699,45000
700,47000
701,45000
702,45000
703,46000
704,45000
705,45000
706,47000
707,48000
708,47000
709,50000
710,45000
711,50000
712,48000
713,50000
714,50000
715,50000
716,45000
717,45000
718,49000
719,50000
720,48000
721,49900
722,50000
723,50000
724,50000
725,50000
726,50000
727,50000
728,50000
729,50000
730,50000
731,55000
732,55000
733,55000
734,50000
735,50000
736,50000
737,55000
738,50000
739,50000
740,50000
741,50000
742,48000
743,48000
744,50000
745,50000
746,53000
747,50000
748,50000
749,50000
750,57000
751,55000
752,55000
753,51000
754,52000
755,49000
756,52000
757,55000
758,58000
759,58000
760,58000
761,50000
762,53000
763,53000
764,50000
765,55000
766,53000
767,55000
768,54000
769,55000
770,53000
771,55000
772,50000
773,55000
774,55000
775,60000
776,60000
777,60000
778,60000
779,55000
780,60000
781,60000
782,55000
783,60000
784,60000
785,50000
786,60000
787,55000
788,55000
789,55000
790,55000
791,54000
792,55000
793,55000
794,55000
795,56000
796,55000
797,60000
798,55000
799,60000
800,60000
801,60000
802,58000
803,60000
804,60000
805,60000
806,60000
807,60000
808,65000
809,60000
810,60000
811,65000
812,60000
813,65000
814,65000
815,60000
816,60000
817,60000
818,60000
819,60000
820,60000
821,60000
822,60000
823,60000
824,60000
825,60000
826,60000
827,60000
828,63000
829,60000
830,58000
831,60000
832,63000
833,60000
834,65000
835,70000
836,70000
837,70000
838,60000
839,65000
840,70000
841,65000
842,70000
843,70000
844,70000
845,70000
846,63000
847,70000
848,70000
849,65000
850,65000
851,65000
852,65000
853,65000
854,65000
855,60000
856,65000
857,60000
858,73000
859,65000
860,65000
861,70000
862,70000
863,69500
864,70000
865,75000
866,70000
867,70000
868,65000
869,70000
870,70000
871,70000
872,75000
873,70000
874,75000
875,75000
876,75000
877,70000
878,75000
879,65000
880,70000
881,70000
882,70000
883,75000
884,70000
885,70000
886,70000
887,69000
888,78000
889,75000
890,75000
891,75000
892,73000
893,70000
894,75000
895,75000
896,80000
897,70000
898,80000
899,70000
900,75000
901,75000
902,75000
903,75000
904,80000
905,80000
906,80000
907,80000
908,80000
909,80000
910,85000
911,85000
912,70000
913,80000
914,79000
915,83000
916,89999
917,80000
918,80000
919,90000
920,90000
921,80000
922,80000
923,90000
924,85000
925,85000
926,85000
927,85000
928,90000
929,85000
930,85000
931,93000
932,85000
933,85000
934,85000
935,90000
936,85000
937,90000
938,85000
939,90000
940,90000
941,85000
942,90000
943,90000
944,90000
945,90000
946,90000
947,90000
948,90000
949,95000
950,99000
951,95000
952,90000
953,90000
954,100000
955,100000
956,100000
957,85000
958,95000
959,95000
960,86000
961,90000
962,95000
963,95000
964,105000
965,95000
966,100000
967,100000
968,100000
969,100000
970,100000
971,100000
972,100000
973,100000
974,100000
975,99900
976,99000
977,100000
978,100000
979,115000
980,110000
981,110000
982,110000
983,110000
984,120000
985,100000
986,117000
987,120000
988,120000
989,120000
990,120000
991,119000
992,120000
993,120000
994,130000
995,130000
996,120000
997,130000
998,134000
999,120000
1000,130000
1001,130000
1002,135000
1003,140000
1004,145000
1005,135000
1006,140000
1007,140000
1008,140000
1009,150000
1010,140000
1011,150000
1012,135000
1013,150000
1014,150000
1015,145000
1016,130000
1017,140000
1018,139000
1019,150000
1020,150000
1021,150000
1022,150000
1023,160000
1024,150000
1025,150000
1026,150000
1027,150000
1028,160000
1029,165000
1030,160000
1031,150000
1032,170000
1033,150000
1034,160000
1035,160000
1036,165000
1037,165000
1038,160000
1039,180000
1040,170000
1041,185000
1042,180000
1043,200000
1044,190000
1045,200000
1046,200000
1047,190000
1048,200000
1049,190000
1050,200000
1051,190000
1052,200000
1053,200000
1054,210000
1055,200000
1056,200000
1057,200000
1058,199000
1059,200000
1060,200000
1061,215000
1062,230000
1063,230000
1064,245000
1065,245000
1066,245000
1067,250000
1068,240000
1069,250000
1070,240000
1071,270000
1072,270000
1073,275000
1074,290000
1075,300000
1076,300000
1077,350000
1078,350000
1079,350000
1080,350000
1081,400000
1082,440000
1083,590000
1084,590000
1085,590000
1086,1300000
1087,19000
1088,40000
1089,57000
1090,25000
1091,24000
1092,28000
1093,28000
1094,25000
1095,29000
1096,30000
1097,28000
1098,31000
1099,26000
1100,29000
1101,33000
1102,35000
1103,30000
1104,30000
1105,35000
1106,34000
1107,35000
1108,42000
1109,37000
1110,33000
1111,40000
1112,40000
1113,39000
1114,40000
1115,40000
1116,40000
1117,40000
1118,45000
1119,40000
1120,43000
1121,45000
1122,40000
1123,46000
1124,40000
1125,40000
1126,43000
1127,50000
1128,60000
1129,55000
1130,55000
1131,55000
1132,60000
1133,57000
1134,65000
1135,70000
1136,80000
1137,80000
1138,74000
1139,75000
1140,95000
1141,90000
1142,85000
1143,110000
1144,120000
1145,70000
1146,350000
1147,80000
1148,65000
1149,65000
1150,65000
1151,86000
1152,80000
1153,75000
1154,85000
1155,100000
1156,85000
1157,28000
1158,55000
1159,55000
1160,50000
1161,70000
1162,80000
1163,140000
1164,160000
1165,25000
1166,36800
1167,35000
1168,36800
1169,40900
1170,30000
1171,46000
1172,60700
1173,28000
1174,38800
1175,60000
1176,18000
1177,55000
1178,60000
1179,20000
1180,70000
1181,70000
1182,23000
1183,66000
1184,200000
1185,35000
1186,150000
1187,110000
1188,25000
1189,80000
1190,120000
1191,25000
1192,23000
1193,40000
1194,32000
1195,20000
1196,28000
1197,19500
1198,75000
1199,120000
1200,14000
1201,95000
1202,40000
1203,25000
1204,145000
1205,150000
1206,15000
1207,145000
1208,100000
1209,30000
1210,115000
1211,165000
1212,33000
1213,120000
1214,250000
1215,20000
1216,150000
1217,110000
1218,28000
1219,30000
1220,35000
1221,23000
1222,42000
1223,30000
1224,57000
1225,60000
1226,32000
1227,60000
1228,70000
1229,17000
1230,75000
1231,85000
1232,30000
1233,85000
1234,90000
1235,27000
1236,100000
1237,100000
1238,20000
1239,120000
1240,130000
1241,25000
1242,130000
1243,160000
1244,33000
1245,160000
1246,175000
1247,26000
1248,60000
1249,100000
1250,29000
1251,97000
1252,81900
1253,30000
1254,450000
1255,140000
1256,35000
1257,110000
1258,65000
1259,35000
1260,100000
1261,65000
1262,35000
1263,36000
1264,85000
1265,55000
1266,80000
1267,800000
1268,60000
1269,85000
1270,120000
1271,65000
1272,95000
1273,130000
1274,82000
1275,86000
1276,49999
1277,27000
1278,60000
1279,30000
1280,29000
1281,32000
1282,115000
1283,120000
1284,27000
1285,140000
1286,30000
1287,28000
1288,28000
1289,28000
1290,75000
1291,36000
1292,20000
1293,40000
1294,33000
1295,28000
1296,30000
1297,29000
1298,21000
1299,119000
1300,25000
1301,26000
1302,200000
1303,26000
1304,400000
1305,50000
1306,45000
1307,50000
1308,28000
1309,26000
1310,64000
1311,70000
1312,25000
1313,360000
1314,75000
1315,30000
1316,28000
1317,30000
1318,40000
1319,500000
1320,80000
1321,19000
1322,140000
1323,100000
1324,30000
1325,80000
1326,80000
1327,26000
1328,200000
1329,25000
1330,28000
1331,40000
1332,35000
1333,50000
1334,60000
1335,35000
1336,50000
1337,33000
1338,28000
1339,80000
1340,45000
1341,40000
1342,90000
1343,40000
1344,25000
1345,75000
1346,110000
1347,32000
1348,119000
1349,35000
1350,35000
1351,80000
1352,110000
1353,22000
1354,250000
1355,75000
1356,29000
1357,35000
1358,43000
1359,32000
1360,33000
1361,35000
1362,23000
1363,38000
1364,78000
1365,33000
1366,30000
1367,45000
1368,49000
1369,30000
1370,50000
1371,55000
1372,39000
1373,55000
1374,59000
1375,80000
1376,85000
1377,110000
1378,27500
1379,140000
1380,20000
1381,22000
1382,23000
1383,20000
1384,31000
1385,45000
1386,38000
1387,29400
1388,30000
1389,38000
1390,39000
1391,25000
1392,40000
1393,29000
1394,38000
1395,27000
1396,30000
1397,70000
1398,27000
1399,63000
1400,29000
1401,29500
1402,28000
1403,43000
1404,24000
1405,30000
1406,55000
1407,25000
1408,24000
1409,52000
1410,150000
1411,24000
1412,25000
1413,38000
1414,70000
1415,35000
1416,33000
1417,40000
1418,40000
1419,40000
1420,33000
1421,70000
1422,30000
1423,25000
1424,21500
1425,25000
1426,55000
1427,37000
1428,45000
1429,58000
1430,52000
1431,39000
1432,38000
1433,90000
1434,48000
1435,60000
1436,19000
1437,22000
1438,30000
1439,24000
1440,25000
1441,50000
1442,45000
1443,26000
1444,70000
1445,70000
1446,26000
1447,50000
1448,32000
1449,25000
1450,40000
1451,35000
1452,30000
1453,33000
1454,170000
1455,30000
1456,140000
1457,100000
1458,27000
1459,85000
1460,53000
1461,28000
1462,85000
1463,57000
1464,28000
1465,55000
1466,45000
1467,28000
1468,38000
1469,80000
1470,40000
1471,23000
1472,60000
1473,48000
1474,42000
1475,17000
1476,41000
1477,33000
1478,27000
1479,55000
1480,100000
1481,29000
1482,40000
1483,75000
1484,30000
1485,28000
1486,24900
1487,32000
1488,28000
1489,45000
1490,45000
1491,45000
1492,47000
1493,56000
1494,30000
1495,29000
1496,25000
1497,27000
1498,30000
1499,40000
1500,26000
1501,55000
1502,23000
1503,29000
1504,56000
1505,60000
1506,68000
1507,65000
1508,65000
1509,70000
1510,70000
1511,40000
1512,45000
1513,75000
1514,75000
1515,33000
1516,27000
1517,40000
1518,25000
1519,150000
1520,45000
1521,75000
1522,37000
1523,31000
1524,120000
1525,28000
1526,82000
1527,25000
1528,70000
1529,24500
1530,26000
1531,120000
1532,38000
1533,23000
1534,90000
1535,70000
1536,30000
1537,250000
1538,30000
1539,80000
1540,30000
1541,87000
1542,24000
1543,87000
1544,26000
1545,89000
1546,30000
1547,90000
1548,30000
1549,90000
1550,100000
1551,110000
1552,110000
1553,115000
1554,45000
1555,40000
1556,45000
1557,40000
1558,40000
1559,21000
1560,45000
1561,27000
1562,60000
1563,45000
1564,48000
1565,67000
1566,29000
1567,30000
1568,33000
1569,26000
1570,110000
1571,30000
1572,230000
1573,24500
1574,32000
1575,230000
1576,28000
1577,30000
1578,350000
1579,70000
1580,22000
1581,30000
1582,60000
1583,350000
1584,25000
1585,120000
1586,45000
1587,350000
1588,130000
1589,28000
1590,49000
1591,60000
1592,160000
1593,35000
1594,35000
1595,150000
1596,130000
1597,82000
1598,200000
1599,130000
1600,35000
1601,22000
1602,27000
1603,50000
1604,80000
1605,300000
1606,22000
1607,26000
1608,23000
1609,55000
1610,26000
1611,30000
1612,75000
1613,75000
1614,25000
1615,28000
1616,25000
1617,27000
1618,27000
1619,55000
1620,110000
1621,43000
1622,29000
1623,30000
1624,32000
1625,20000
1626,26000
1627,30000
1628,30000
1629,60000
1630,35000
1631,23000
1632,30000
1633,29000
1634,32000
1635,23000
1636,25000
1637,22000
1638,24000
1639,24000
1640,28000
1641,29000
1642,30000
1643,22000
1644,20000
1645,115000
1646,55000
1647,29000
1648,28000
1649,50000
1650,25000
1651,75000
1652,25000
1653,31000
1654,24000
1655,87000
1656,40000
1657,25000
1658,180000
1659,30000
1660,26000
1661,41540
1662,30000
1663,70000
1664,70000
1665,65000
1666,200000
1667,30000
1668,85000
1669,700000
1670,23000
1671,65000
1672,22000
1673,34000
1674,25000
1675,80000
1676,50000
1677,22000
1678,34000
1679,30000
1680,22000
1681,38000
1682,30000
1683,33000
1684,70000
1685,30000
1686,50000
1687,115000
1688,30000
1689,32000
1690,30000
1691,33000
1692,100000
1693,75000
1694,30000
1695,20000
1696,120000
1697,23000
1698,90000
1699,90000
1700,28000
1701,200000
1702,27000
1703,55000
1704,58000
1705,65000
1706,95000
1707,100000
1708,25000
1709,30000
1710,55000
1711,129000
1712,35000
1713,30000
1714,30000
1715,120000
1716,65000
1717,60000
1718,89000
1719,28000
1720,32000
1721,45780
1722,28000
1723,85000
1724,86000
1725,98000
1726,75000
1727,85000
1728,77000
1729,60000
1730,620000
1731,77000
1732,115000
1733,185000
1734,25000
1735,95000
1736,30000
1737,170000
1738,30000
1739,60000
1740,70000
1741,90000
1742,90000
1743,60000
1744,35000
1745,30000
1746,30000
1747,35000
1748,35000
1749,32000
1750,32000
1751,30000
1752,30000
1753,30000
1754,35000
1755,35000
1756,35000
1757,35000
1758,33000
1759,32000
1760,32000
1761,33000
1762,33000
1763,33000
1764,33000
1765,30000
1766,33000
1767,32000
1768,36000
1769,33000
1770,33000
1771,33000
1772,36000
1773,36000
1774,33000
1775,35000
1776,32000
1777,35000
1778,30000
1779,37000
1780,35000
1781,37000
1782,37000
1783,37000
1784,33000
1785,34000
1786,35000
1787,34000
1788,33000
1789,32000
1790,35000
1791,33000
1792,35000
1793,35000
1794,35000
1795,35000
1796,38000
1797,35000
1798,38000
1799,38000
1800,34000
1801,35000
1802,33000
1803,35000
1804,35000
1805,35000
1806,35000
1807,35000
1808,35000
1809,35000
1810,33000
1811,35000
1812,39000
1813,35000
1814,35000
1815,35000
1816,35000
1817,35000
1818,35000
1819,35000
1820,35000
1821,34000
1822,34000
1823,35000
1824,35000
1825,40000
1826,37000
1827,35000
1828,40000
1829,35000
1830,35000
1831,40000
1832,40000
1833,40000
1834,35000
1835,40000
1836,35000
1837,35000
1838,40000
1839,35000
1840,36000
1841,37000
1842,38000
1843,38000
1844,36000
1845,40000
1846,38000
1847,39000
1848,39000
1849,35000
1850,40000
1851,37000
1852,39000
1853,42000
1854,42000
1855,42000
1856,42000
1857,42000
1858,37000
1859,38500
1860,39000
1861,40000
1862,40000
1863,40000
1864,40000
1865,43000
1866,43000
1867,38000
1868,40000
1869,36000
1870,42000
1871,40000
1872,40000
1873,40000
1874,39000
1875,40000
1876,40000
1877,44000
1878,40000
1879,42000
1880,40000
1881,40000
1882,40000
1883,40000
1884,40000
1885,39000
1886,45000
1887,40000
1888,41000
1889,40000
1890,40000
1891,45000
1892,42000
1893,45000
1894,45000
1895,45000
1896,42000
1897,42000
1898,46000
1899,39999
1900,40000
1901,42900
1902,40000
1903,42000
1904,47000
1905,47000
1906,47000
1907,43000
1908,43000
1909,45000
1910,45000
1911,45000
1912,45000
1913,48000
1914,45000
1915,45000
1916,45000
1917,45000
1918,48500
1919,45000
1920,45000
1921,45000
1922,49000
1923,45000
1924,45000
1925,49000
1926,43000
1927,49500
1928,45000
1929,25000
1930,45000
1931,50000
1932,43000
1933,50000
1934,45000
1935,45000
1936,45000
1937,50000
1938,50000
1939,50000
1940,50000
1941,45000
1942,47000
1943,45000
1944,45000
1945,45000
1946,45000
1947,47000
1948,47000
1949,50000
1950,49000
1951,47000
1952,52000
1953,48000
1954,45000
1955,48000
1956,53000
1957,53000
1958,53000
1959,53000
1960,53000
1961,53000
1962,53000
1963,53000
1964,53000
1965,53000
1966,53000
1967,53000
1968,53000
1969,53000
1970,53000
1971,53000
1972,50000
1973,48000
1974,49000
1975,50000
1976,50000
1977,48000
1978,52000
1979,50000
1980,50000
1981,45000
1982,55000
1983,50000
1984,50000
1985,50000
1986,50000
1987,55000
1988,55000
1989,48000
1990,50000
1991,48000
1992,55000
1993,50000
1994,50000
1995,55000
1996,50000
1997,50000
1998,50000
1999,48000
2000,53000
2001,51000
2002,50000
2003,50000
2004,53000
2005,50000
2006,53000
2007,50000
2008,55000
2009,53000
2010,52000
2011,50000
2012,50000
2013,50000
2014,55000
2015,55000
2016,55000
2017,55000
2018,55000
2019,60000
2020,60000
2021,60000
2022,60000
2023,60000
2024,60000
2025,60000
2026,60000
2027,60000
2028,60000
2029,60000
2030,60000
2031,60000
2032,60000
2033,60000
2034,60000
2035,60000
2036,60000
2037,60000
2038,57000
2039,55000
2040,50000
2041,60000
2042,60000
2043,60000
2044,60000
2045,55000
2046,62000
2047,62000
2048,62000
2049,62000
2050,62000
2051,62000
2052,62000
2053,62000
2054,62000
2055,62000
2056,62000
2057,62000
2058,62000
2059,62000
2060,62000
2061,58000
2062,55000
2063,59000
2064,55000
2065,58900
2066,60000
2067,60000
2068,59990
2069,55000
2070,60000
2071,60000
2072,60000
2073,60000
2074,60000
2075,60000
2076,60000
2077,60000
2078,65000
2079,65000
2080,65000
2081,63000
2082,66000
2083,66000
2084,66000
2085,66000
2086,66000
2087,66000
2088,66000
2089,66000
2090,66000
2091,66000
2092,66000
2093,66000
2094,66000
2095,66000
2096,66000
2097,60000
2098,60000
2099,60000
2100,62000
2101,60000
2102,65000
2103,65000
2104,65000
2105,65000
2106,65000
2107,60000
2108,65000
2109,68000
2110,63000
2111,70000
2112,70000
2113,70000
2114,70000
2115,70000
2116,70000
2117,60000
2118,70000
2119,70000
2120,70000
2121,70000
2122,70000
2123,70000
2124,70000
2125,65000
2126,70000
2127,70000
2128,70000
2129,70000
2130,70000
2131,70000
2132,70000
2133,70000
2134,65000
2135,70000
2136,70000
2137,70000
2138,65000
2139,65000
2140,65000
2141,65000
2142,65000
2143,70000
2144,74000
2145,72000
2146,70000
2147,70000
2148,70000
2149,70000
2150,70000
2151,75000
2152,75000
2153,70000
2154,75000
2155,70000
2156,70000
2157,70000
2158,77000
2159,70000
2160,78000
2161,70000
2162,70000
2163,75000
2164,79999
2165,75000
2166,70000
2167,75000
2168,75000
2169,75000
2170,75000
2171,75000
2172,80000
2173,80000
2174,75000
2175,75000
2176,65000
2177,75000
2178,75000
2179,73000
2180,75000
2181,75000
2182,78000
2183,75000
2184,80000
2185,78000
2186,80000
2187,85000
2188,80000
2189,77000
2190,75000
2191,85000
2192,85000
2193,85000
2194,78000
2195,80000
2196,80000
2197,80000
2198,80000
2199,80000
2200,83000
2201,70000
2202,85000
2203,90000
2204,83000
2205,90000
2206,85000
2207,85000
2208,90000
2209,85000
2210,89000
2211,95000
2212,90000
2213,90000
2214,90000
2215,89000
2216,90000
2217,90000
2218,90000
2219,99999
2220,97000
2221,95000
2222,100000
2223,90000
2224,100000
2225,96000
2226,94000
2227,94000
2228,100000
2229,100000
2230,100000
2231,100000
2232,100000
2233,100000
2234,100000
2235,95000
2236,95000
2237,100000
2238,100000
2239,100000
2240,100000
2241,100000
2242,100000
2243,98000
2244,110000
2245,110000
2246,90000
2247,90000
2248,100000
2249,110000
2250,105000
2251,110000
2252,110000
2253,115000
2254,115000
2255,110000
2256,110000
2257,110000
2258,110000
2259,110000
2260,110000
2261,120000
2262,120000
2263,120000
2264,120000
2265,120000
2266,120000
2267,110000
2268,120000
2269,120000
2270,125000
2271,120000
2272,120000
2273,130000
2274,120000
2275,120000
2276,125000
2277,120000
2278,129000
2279,125000
2280,130000
2281,130000
2282,130000
2283,129000
2284,125000
2285,130000
2286,130000
2287,130000
2288,130000
2289,130000
2290,140000
2291,135000
2292,140000
2293,140000
2294,140000
2295,140000
2296,149999
2297,150000
2298,140000
2299,150000
2300,150000
2301,150000
2302,150000
2303,150000
2304,155000
2305,150000
2306,150000
2307,155000
2308,150000
2309,150000
2310,160000
2311,170000
2312,170000
2313,170000
2314,170000
2315,180000
2316,180000
2317,185000
2318,190000
2319,190000
2320,180000
2321,190000
2322,200000
2323,190000
2324,190000
2325,200000
2326,189000
2327,190000
2328,200000
2329,200000
2330,200000
2331,230000
2332,220000
2333,230000
2334,230000
2335,230000
2336,250000
2337,250000
2338,250000
2339,275000
2340,270000
2341,300000
2342,290000
2343,300000
2344,170000
2345,330000
2346,350000
2347,330000
2348,395000
2349,700000
2350,32000
2351,24000
2352,24000
2353,27000
2354,27000
2355,28000
2356,25000
2357,26000
2358,30000
2359,30000
2360,32000
2361,30000
2362,30000
2363,30000
2364,30000
2365,29000
2366,33000
2367,34000
2368,32000
2369,30000
2370,29000
2371,35000
2372,36000
2373,30000
2374,35000
2375,35000
2376,38000
2377,40000
2378,40000
2379,35000
2380,32000
2381,38000
2382,37000
2383,38000
2384,40000
2385,38500
2386,40000
2387,40000
2388,40000
2389,40000
2390,40000
2391,44000
2392,40000
2393,40000
2394,38000
2395,45000
2396,45000
2397,45000
2398,45000
2399,47000
2400,50000
2401,47000
2402,55000
2403,60000
2404,65000
2405,60000
2406,60000
2407,60000
2408,60000
2409,70000
2410,75000
2411,75000
2412,75000
2413,75000
2414,90000
2415,87000
2416,97000
2417,93000
2418,160000
2419,180000
2420,180000
2421,250000
2422,650000
2423,20600
2424,47000
2425,70000
2426,50000
2427,65000
2428,80000
2429,65000
2430,100000
2431,28000
2432,33000
2433,48000
2434,37800
2435,22000
2436,41900
2437,70000
2438,15000
2439,31000
2440,49999
2441,23500
2442,38000
2443,25000
2444,22000
2445,35000
2446,30000
2447,25000
2448,49000
2449,50000
2450,25000
2451,45000
2452,20000
2453,40000
2454,85000
2455,30000
2456,26000
2457,30000
2458,33000
2459,30000
2460,110000
2461,25000
2462,24000
2463,28000
2464,30000
2465,27000
2466,32000
2467,29000
2468,35000
2469,35000
2470,30000
2471,45000
2472,70000
2473,30000
2474,90000
2475,70000
2476,29800
2477,75000
2478,36000
2479,33000
2480,33000
2481,35000
2482,39000
2483,47000
2484,35000
2485,43000
2486,55000
2487,20000
2488,26000
2489,22000
2490,25000
2491,24990
2492,25000
2493,25000
2494,27000
2495,30000
2496,35000
2497,30000
2498,30000
2499,25000
2500,40000
2501,19700
2502,25000
2503,36000
2504,45000
2505,31000
2506,25000
2507,36000
2508,30000
2509,32000
2510,40000
2511,28000
2512,40000
2513,55000
2514,33000
2515,28000
2516,25000
2517,30000
2518,35000
2519,27000
2520,35000
2521,22000
2522,28000
2523,35000
2524,17000
2525,28000
2526,22000
2527,25000
2528,40000
2529,25000
2530,40000
2531,16000
2532,30000
2533,40000
2534,19000
2535,25000
2536,30000
2537,48000
2538,40000
2539,28000
2540,40000
2541,24999
2542,28000
2543,25000
2544,30000
2545,35000
2546,30000
2547,54000
2548,40000
2549,33000
2550,40000
2551,30000
2552,18000
2553,40000
2554,26000
2555,18000
2556,32000
2557,40000
2558,43000
2559,27000
2560,26000
2561,35000
2562,37000
2563,27000
2564,37000
2565,28000
2566,37000
2567,37000
2568,28000
2569,39000
2570,39000
2571,32000
2572,38000
2573,37000
2574,29000
2575,40000
2576,30000
2577,30000
2578,45000
2579,28000
2580,35000
2581,36000
2582,45000
2583,22000
2584,20000
2585,35000
2586,40000
2587,23000
2588,35000
2589,45000
2590,20000
2591,26000
2592,25000
2593,46000
2594,16000
2595,30000
2596,35000
2597,35000
2598,39000
2599,15900
2600,26000
2601,40000
2602,26000
2603,37000
2604,110000
2605,34000
2606,35000
2607,29000
2608,25000
2609,43000
2610,60000
2611,35000
2612,49000
2613,45000
2614,28000
2615,30000
2616,31000
2617,45000
2618,38000
2619,35000
2620,30000
2621,50000
2622,38000
2623,32000
2624,42000
2625,30000
2626,35000
2627,24000
2628,40000
2629,25000
2630,42000
2631,29000
2632,45000
2633,35000
2634,35000
2635,40000
2636,37000
2637,23000
2638,25000
2639,75000
2640,55000
2641,40000
2642,45000
2643,32000
2644,37000
2645,33000
2646,30000
2647,34000
2648,60000
2649,40000
2650,25000
2651,40000
2652,30000
2653,29000
2654,42000
2655,32000
2656,44000
2657,25000
2658,32000
2659,25000
2660,33000
2661,27000
2662,25000
2663,50000
2664,45000
2665,40000
2666,75000
2667,30000
2668,60000
2669,50000
2670,30000
2671,47000
2672,34000
2673,30000
2674,70000
2675,30000
2676,68000
2677,40000
2678,30000
2679,60000
2680,65000
2681,52000
2682,50000
2683,21000
2684,30000
2685,35000
2686,30000
2687,35000
2688,20000
2689,26000
2690,39000
2691,60000
2692,30000
2693,40000
2694,30000
2695,30000
2696,33000
2697,25000
2698,30000
2699,53000
2700,58000
2701,60000
2702,33000
2703,30000
2704,49990
2705,40000
2706,40000
2707,52000
2708,53000
2709,35000
2710,45000
2711,45000
2712,40000
2713,85000
2714,65000
2715,37000
2716,70000
2717,50000
2718,30000
2719,40000
2720,24000
2721,37000
2722,25000
2723,35000
2724,33000
2725,23000
2726,35000
2727,25000
2728,45000
2729,45000
2730,32000
2731,35000
2732,38000
2733,40000
2734,32000
2735,29000
2736,50000
2737,45000
2738,35000
2739,22000
2740,25000
2741,45000
2742,21000
2743,25000
2744,35000
2745,30000
2746,35000
2747,40000
2748,26000
2749,35000
2750,34000
2751,50000
2752,35000
2753,50000
2754,24000
2755,45000
2756,25000
2757,21000
2758,27000
2759,45000
2760,30000
2761,27000
2762,35000
2763,20000
2764,35000
2765,45000
2766,43000
2767,30000
2768,26000
2769,40000
2770,18000
2771,50000
2772,50000
2773,37500
2774,32000
2775,50000
2776,52000
2777,50000
2778,60000
2779,35000
2780,30000
2781,19000
2782,45000
2783,47000
2784,49999
2785,35000
2786,47000
2787,35000
2788,40000
2789,28000
2790,50000
2791,22000
2792,36000
2793,40000
2794,38000
2795,40000
2796,55000
2797,30000
2798,40000
2799,25000
2800,28000
2801,70000
2802,23000
2803,50000
2804,50000
2805,55000
2806,35000
2807,37000
2808,45000
2809,20000
2810,70000
2811,32000
2812,18000
2813,63000
2814,40000
2815,55000
2816,35000
2817,40000
2818,35000
2819,35000
2820,25000
2821,45000
2822,45000
2823,50000
2824,51000
2825,59000
2826,55000
2827,55000
2828,55000
2829,55000
2830,55000
2831,65000
2832,70000
2833,70000
2834,70000
2835,85000
2836,80000
2837,90000
2838,20000
2839,47000
2840,35000
2841,20000
2842,45000
2843,42000
2844,45000
2845,39000
2846,30000
2847,70000
2848,38000
2849,50000
2850,58000
2851,100000
2852,40000
2853,30000
2854,20000
2855,35000
2856,60000
2857,45000
2858,30000
2859,28000
2860,23000
2861,38000
2862,75000
2863,30000
2864,65000
2865,30000
2866,65000
2867,55000
2868,34000
2869,40000
2870,60000
2871,40000
2872,35000
2873,27000
2874,26000
2875,16000
2876,33000
2877,35000
2878,33000
2879,59000
2880,47000
2881,33000
2882,37000
2883,45000
2884,34000
2885,37000
2886,40000
2887,43000
2888,33000
2889,38000
2890,48000
2891,45000
2892,28000
2893,42000
2894,42000
2895,48000
2896,40000
2897,35000
2898,40000
2899,42000
2900,38000
2901,45000
2902,40000
2903,24000
2904,35000
2905,24000
2906,40000
2907,55000
2908,35000
2909,25000
2910,35000
2911,25000
2912,42000
2913,45000
2914,50000
2915,34000
2916,50000
2917,35000
2918,40000
2919,39000
2920,37000
2921,39000
2922,45000
2923,40000
2924,40000
2925,42000
2926,45000
2927,40000
2928,43000
2929,22000
2930,43000
2931,47000
2932,48000
2933,40000
2934,25000
2935,35000
2936,45000
2937,21000
2938,35000
2939,35000
2940,68000
2941,42000
2942,35000
2943,28000
2944,45000
2945,25000
2946,56000
2947,55000
2948,45000
2949,40000
2950,34000
2951,35000
2952,43000
2953,40000
2954,25000
2955,55000
2956,30000
2957,24000
2958,30000
2959,30000
2960,27000
2961,30000
2962,35000
2963,32000
2964,49900
2965,38000
2966,25000
2967,65000
2968,45000
2969,60000
2970,70000
2971,65000
2972,65000
2973,75000
2974,47000
2975,80000
2976,50000
2977,75000
2978,75000
2979,45000
2980,80000
2981,90000
2982,45000
2983,95000
2984,50000
2985,90000
2986,45000
2987,45000
2988,45000
2989,45000
2990,50000
2991,38000
2992,35000
2993,22500
2994,57000
2995,55000
2996,45000
2997,55000
2998,22000
2999,32000
3000,90000
3001,49000
3002,45000
3003,23000
3004,58000
3005,38000
3006,95000
3007,20000
3008,22000
3009,55000
3010,79000
3011,55000
3012,45000
3013,35000
3014,65000
3015,48000
3016,60000
3017,36000
3018,60000
3019,70000
3020,22000
3021,28500
3022,39999
3023,34000
3024,35000
3025,35000
3026,34000
3027,36000
3028,37000
3029,37000
3030,40000
3031,38000
3032,40000
3033,40000
3034,40000
3035,40000
3036,45000
3037,45000
3038,45000
3039,40000
3040,40000
3041,40000
3042,47000
3043,47000
3044,44999
3045,50000
3046,45000
3047,45000
3048,46000
3049,49000
3050,50000
3051,55000
3052,60000
3053,60000
3054,70000
3055,65000
3056,80000
3057,85000
3058,49900
3059,65000
3060,36000
3061,50000
3062,75000
3063,65000
3064,75000
3065,55000
3066,80000
3067,45000
3068,65000
3069,65000
3070,65000
3071,55000
3072,75000
3073,70000
3074,33000
3075,38000
3076,22000
3077,20000
3078,26000
3079,44900
3080,24000
3081,25000
3082,85000
3083,25000
3084,27000
3085,38000
3086,38000
3087,35000
3088,28000
3089,27000
3090,55000
3091,38000
3092,25000
3093,30000
3094,30000
3095,27000
3096,50000
3097,30000
3098,25000
3099,90000
3100,30000
3101,28000
3102,85000
3103,55000
3104,26000
3105,200000
3106,25000
3107,40000
3108,24000
3109,27000
3110,60000
3111,45000
3112,38000
3113,35000
3114,31000
3115,40000
3116,40000
3117,35000
3118,39000
3119,50000
3120,35000
3121,45000
3122,50000
3123,32000
3124,40000
3125,35000
3126,45000
3127,22000
3128,45000
3129,27500
3130,35000
3131,35000
3132,40000
3133,40000
3134,27000
3135,70000
3136,36500
3137,100000
3138,58000
3139,35000
3140,46000
3141,115000
3142,35000
3143,37000
3144,60000
3145,43000
3146,55000
3147,38000
3148,55000
3149,40000
3150,150000
3151,60000
3152,47000
3153,40000
3154,40000
3155,150000
3156,50000
3157,85000
3158,49900
3159,50000
3160,38000
3161,65000
3162,10000
3163,21650
3164,20000
3165,25000
3166,18000
3167,20000
3168,22000
3169,30000
3170,33000
3171,26000
3172,30000
3173,15000
3174,33000
3175,15000
3176,19500
3177,35000
3178,32000
3179,20000
3180,15000
3181,18000
3182,22000
3183,18000
3184,33000
3185,27000
3186,30000
3187,88000
3188,140000
3189,29999
3190,40000
3191,31000
3192,65000
3193,80000
3194,63000
3195,65000
3196,65000
3197,38000
3198,70000
3199,70000
3200,60000
3201,70000
3202,70000
3203,85000
3204,65000
3205,45000
3206,75000
3207,38000
3208,65000
3209,51000
3210,65000
3211,40000
3212,28000
3213,60000
3214,55000
3215,58000
3216,70000
3217,45000
3218,40000
3219,60000
3220,55000
3221,60000
3222,30000
3223,70000
3224,37000
3225,60000
3226,23500
3227,28000
3228,22000
3229,40000
3230,45000
3231,55000
3232,65000
3233,32000
3234,45000
3235,40000
3236,350000
3237,90000
3238,27000
3239,350000
3240,450000
3241,36000
3242,110000
3243,400000
3244,75000
3245,50000
3246,129000
3247,80000
3248,28000
3249,40000
3250,40000
3251,70000
3252,72000
3253,25000
3254,90000
3255,90000
3256,25000
3257,110000
3258,150000
3259,30000
3260,450000
3261,90000
3262,27000
3263,45000
3264,34000
3265,210000
3266,59500
3267,38000
3268,222000
3269,65000
3270,26000
3271,130000
3272,65000
3273,35000
3274,120000
3275,90000
3276,30000
3277,70000
3278,130000
3279,25000
3280,25000
3281,43000
3282,36000
3283,80000
3284,35000
3285,35000
3286,350000
3287,35000
3288,60000
3289,60000
3290,50000
3291,40000
3292,30000
3293,33000
3294,25000
3295,95000
3296,35000
3297,25000
3298,35000
3299,50000
3300,50000
3301,70000
3302,75000
3303,18000
3304,33000
3305,35000
3306,23000
3307,55000
3308,33000
3309,28000
3310,62000
3311,60000
3312,50000
3313,53000
3314,45000
3315,20000
3316,40000
3317,40000
3318,26500
3319,27000
3320,55000
3321,50000
3322,23000
3323,25000
3324,30000
3325,32000
3326,70000
3327,40000
3328,55000
3329,33000
3330,60000
3331,32000
3332,28000
3333,30000
3334,37000
3335,45000
3336,40000
3337,32999
3338,20000
3339,70000
3340,100000
3341,32000
3342,29900
3343,28000
3344,40000
3345,31000
3346,35000
3347,35000
3348,24000
3349,29000
3350,28000
3351,25000
3352,65000
3353,43000
3354,40000
3355,22000
3356,1000000
3357,24000
3358,100000
3359,40000
3360,35000
3361,30000
3362,90000
3363,30000
3364,60000
3365,275000
3366,30000
3367,30000
3368,31999
3369,25000
3370,35000
3371,20000
3372,28000
3373,33000
3374,50000
3375,55000
3376,32000
3377,24000
3378,30000
3379,40000
3380,48000
3381,45000
3382,35000
3383,60000
3384,23000
3385,60000
3386,27000
3387,29000
3388,210000
3389,85000
3390,35000
3391,35000
3392,35000
3393,30000
3394,50000
3395,600000
3396,35000
3397,55000
3398,70000
3399,35000
3400,55000
3401,150000
3402,24000
3403,90000
3404,100000
3405,45000
3406,32000
3407,50000
3408,23000
3409,190000
3410,30000
3411,35000
3412,40000
3413,70000
3414,40000
3415,140000
3416,27000
3417,45000
3418,80000
3419,55000
3420,38000
3421,85000
3422,60000
3423,38000
3424,41000
3425,40000
3426,45000
3427,85000
3428,120000
3429,50000
3430,50000
3431,210000
3432,330000
3433,20000
3434,25000
3435,26000
3436,26000
3437,26000
3438,37000
3439,75000
3440,250000
3441,75000
3442,250000
3443,250000
3444,32000
3445,45000
3446,28000
3447,22000
3448,38000
3449,53000
3450,77000
3451,45000
3452,37000
3453,50000
3454,35000
3455,75000
3456,45000
3457,39000
3458,85000
3459,45000
3460,70000
3461,62000
3462,30000
3463,60000
3464,30000
3465,40000
3466,50000
3467,40000
3468,50000
3469,27000
3470,23000
3471,65000
3472,28000
3473,50000
3474,55000
3475,50000
3476,40000
3477,28000
3478,32000
3479,58000
3480,85000
3481,40000
3482,90000
3483,80000
3484,37000
3485,28000
3486,27000
3487,28000
3488,60000
3489,28000
3490,145000
3491,98000
3492,37000
3493,80000
3494,77000
3495,47000
3496,220000
3497,33000
3498,65000
3499,27000
3500,45000
3501,60000
3502,140000
3503,275000
3504,70000
3505,70000
3506,25000
3507,40000
3508,90000
3509,58000
3510,75000
3511,33000
3512,28000
3513,35000
3514,65000
3515,32000
3516,30000
3517,85000
3518,35000
3519,28000
3520,38000
3521,30000
3522,32000
3523,75000
3524,70000
3525,120000
3526,33000
3527,22000
3528,220000
3529,130000
3530,80000
3531,30000
3532,45000
3533,50000
3534,55000
3535,48000
3536,90000
3537,38000
3538,55000
3539,35000
3540,43000
3541,40000
3542,28000
3543,25000
3544,58000
3545,60000
3546,55000
3547,40000
3548,29000
3549,75000
3550,28000
3551,60000
3552,95000
3553,28000
3554,50000
3555,29000
3556,64999
3557,45000
3558,34650
3559,80000
3560,32000
3561,120000
3562,120000
3563,30000
3564,60000
3565,70000
3566,28000
3567,250000
3568,35000
3569,119000
3570,30000
3571,100000
3572,150000
3573,80000
3574,60000
3575,25000
3576,75000
3577,47000
3578,45000
3579,54000
3580,60000
3581,300000
3582,84900
3583,75000
3584,28000
3585,55000
3586,95000
3587,58000
3588,50000
3589,80000
3590,125000
3591,150000
3592,180000
3593,195000
3594,200000
3595,210000
3596,210000
3597,350000
3598,350000
3599,400000
3600,35000
3601,28000
3602,37000
3603,35000
3604,140000
3605,140000
3606,132000
3607,150000
3608,27000
3609,70000
3610,25000
3611,80000
3612,89000
3613,37000
3614,34000
3615,38000
3616,45000
3617,42000
3618,50000
3619,57000
3620,52000
3621,75000
3622,55000
3623,65000
3624,70000
3625,80000
3626,150000
3627,145000
3628,62000
3629,75000
3630,120000
3631,69000
3632,85000
3633,85000
3634,159000
3635,80000
3636,130000
3637,350000
3638,450000
3639,220000
3640,65000
3641,90000
3642,65000
3643,300000
3644,70000
3645,58000
3646,100000
3647,90000
3648,150000
3649,75000
3650,85000
3651,100000
3652,150000
3653,150000
3654,500000
3655,80000
3656,120000
3657,700000
3658,120000
3659,120000
3660,100000
3661,150000
3662,400000
3663,145000
3664,175000
3665,67600
